30,445-4536-1-ND
60,478-3586-1-ND
500,350-1723-ND
10,A99474CT-ND
10,CP-063BH-ND
10,609-3461-ND
10,ACX1655-ND
100,HSL16H-ND
50,P5.11KAACT-ND
10,945-1392-5-ND
10,WM4800-ND
20,360-3243-ND
20,CKN1860CT-ND
20,MAX6817EUT+TCT-ND
50,TLE7230GCT-ND
10,102-1914-ND
10,226-3100-ND
100,WM2800-ND
200,WM2512-ND
200,WM2513-ND
50,AKC16H-ND
100,732-5395-ND
100,732-5444-ND
1,MC16M-300-ND
50,APK16B-ND
50,OR938-ND
200,OR1155-ND
100,OR941-ND
2,OR1099-ND
1,OR947-ND
100,WM2900-ND
200,WM2570-ND
200,WM2572-ND
100,WM2533-ND
200,WM2566-ND
200,WM2567-ND

